,Name,Age,Salary
0,Alice,0.23076923076923062,0.09090909090909083
3,David,0.0,0.18181818181818166
4,Eve,0.4615384615384617,0.4545454545454546
8,Hannah,1.0,1.0
9,Ivy,0.5384615384615383,0.7727272727272729
10,Jack,0.15384615384615374,0.0
